model,pm25_threshold,best_params,val_f1_selected,accuracy,precision,recall,f1,roc_auc,pr_auc,trained_at_utc
SklearnHistGradientBoosting,25.0,"learning_rate=0.05,max_depth=6,max_iter=300,min_samples_leaf=20",0.46511627906976744,0.9746478873239437,0.75,0.46153846153846156,0.5714285714285714,0.9646873594242016,0.6254035841174259,2026-04-04T17:56:43.674819
