model,accuracy,precision,recall,f1,roc_auc,pr_auc
XGBoost,0.9774647887323944,0.8571428571428571,0.46153846153846156,0.6,0.9619883040935673,0.7061943692378474
RandomForest,0.9690140845070423,0.75,0.23076923076923078,0.35294117647058826,0.9604138551506972,0.63667591230477
LogisticRegression,0.8253521126760563,0.17333333333333334,1.0,0.29545454545454547,0.9590643274853801,0.582043004333749
