model,accuracy,precision,recall,f1,roc_auc,pr_auc
HistGradientBoosting_Improved,0.9802816901408451,0.875,0.5384615384615384,0.6666666666666666,0.9583895636527217,0.6691556432315102
RandomForest_Improved,0.952112676056338,0.4166666666666667,0.7692307692307693,0.5405405405405406,0.9556905083220872,0.6004117227801438
LogisticRegression,0.8253521126760563,0.17333333333333334,1.0,0.29545454545454547,0.9590643274853801,0.582043004333749
